activity_lr,iteration,max_infer_iters,method,n_hidden,param,param_lr,path,seed,test_acc
0.5,300,16,pc,16,mupc,0.1,pc/MNIST/mse_loss/width_512/16_n_hidden/relu/skips/standard_gauss_weight_init/mupc_param/param_optim_adam/param_lr_0.1/batch_size_64/16_max_infer_iters/activity_optim_gd/activity_lr_0.5/activity_decay_0/weight_decay_0/spectral_penalty_0/1_epochs,0,94.86177825927734
0.5,600,16,pc,16,mupc,0.1,pc/MNIST/mse_loss/width_512/16_n_hidden/relu/skips/standard_gauss_weight_init/mupc_param/param_optim_adam/param_lr_0.1/batch_size_64/16_max_infer_iters/activity_optim_gd/activity_lr_0.5/activity_decay_0/weight_decay_0/spectral_penalty_0/1_epochs,0,96.21394348144531
0.5,900,16,pc,16,mupc,0.1,pc/MNIST/mse_loss/width_512/16_n_hidden/relu/skips/standard_gauss_weight_init/mupc_param/param_optim_adam/param_lr_0.1/batch_size_64/16_max_infer_iters/activity_optim_gd/activity_lr_0.5/activity_decay_0/weight_decay_0/spectral_penalty_0/1_epochs,0,96.79487609863281
0.5,300,16,pc,16,mupc,0.1,pc/MNIST/mse_loss/width_512/16_n_hidden/relu/skips/standard_gauss_weight_init/mupc_param/param_optim_adam/param_lr_0.1/batch_size_64/16_max_infer_iters/activity_optim_gd/activity_lr_0.5/activity_decay_0/weight_decay_0/spectral_penalty_0/1_epochs,1,94.12059783935547
0.5,600,16,pc,16,mupc,0.1,pc/MNIST/mse_loss/width_512/16_n_hidden/relu/skips/standard_gauss_weight_init/mupc_param/param_optim_adam/param_lr_0.1/batch_size_64/16_max_infer_iters/activity_optim_gd/activity_lr_0.5/activity_decay_0/weight_decay_0/spectral_penalty_0/1_epochs,1,95.95352935791016
0.5,900,16,pc,16,mupc,0.1,pc/MNIST/mse_loss/width_512/16_n_hidden/relu/skips/standard_gauss_weight_init/mupc_param/param_optim_adam/param_lr_0.1/batch_size_64/16_max_infer_iters/activity_optim_gd/activity_lr_0.5/activity_decay_0/weight_decay_0/spectral_penalty_0/1_epochs,1,96.62460327148438
0.5,300,16,pc,16,mupc,0.1,pc/MNIST/mse_loss/width_512/16_n_hidden/relu/skips/standard_gauss_weight_init/mupc_param/param_optim_adam/param_lr_0.1/batch_size_64/16_max_infer_iters/activity_optim_gd/activity_lr_0.5/activity_decay_0/weight_decay_0/spectral_penalty_0/1_epochs,2,94.81169891357422
0.5,600,16,pc,16,mupc,0.1,pc/MNIST/mse_loss/width_512/16_n_hidden/relu/skips/standard_gauss_weight_init/mupc_param/param_optim_adam/param_lr_0.1/batch_size_64/16_max_infer_iters/activity_optim_gd/activity_lr_0.5/activity_decay_0/weight_decay_0/spectral_penalty_0/1_epochs,2,96.40425109863281
0.5,900,16,pc,16,mupc,0.1,pc/MNIST/mse_loss/width_512/16_n_hidden/relu/skips/standard_gauss_weight_init/mupc_param/param_optim_adam/param_lr_0.1/batch_size_64/16_max_infer_iters/activity_optim_gd/activity_lr_0.5/activity_decay_0/weight_decay_0/spectral_penalty_0/1_epochs,2,96.77484130859375
0.5,300,32,pc,32,mupc,0.1,pc/MNIST/mse_loss/width_512/32_n_hidden/relu/skips/standard_gauss_weight_init/mupc_param/param_optim_adam/param_lr_0.1/batch_size_64/32_max_infer_iters/activity_optim_gd/activity_lr_0.5/activity_decay_0/weight_decay_0/spectral_penalty_0/1_epochs,0,94.67147827148438
0.5,600,32,pc,32,mupc,0.1,pc/MNIST/mse_loss/width_512/32_n_hidden/relu/skips/standard_gauss_weight_init/mupc_param/param_optim_adam/param_lr_0.1/batch_size_64/32_max_infer_iters/activity_optim_gd/activity_lr_0.5/activity_decay_0/weight_decay_0/spectral_penalty_0/1_epochs,0,96.24398803710938
0.5,900,32,pc,32,mupc,0.1,pc/MNIST/mse_loss/width_512/32_n_hidden/relu/skips/standard_gauss_weight_init/mupc_param/param_optim_adam/param_lr_0.1/batch_size_64/32_max_infer_iters/activity_optim_gd/activity_lr_0.5/activity_decay_0/weight_decay_0/spectral_penalty_0/1_epochs,0,96.74478912353516
0.5,300,8,pc,8,mupc,0.1,pc/MNIST/mse_loss/width_512/8_n_hidden/relu/skips/standard_gauss_weight_init/mupc_param/param_optim_adam/param_lr_0.1/batch_size_64/8_max_infer_iters/activity_optim_gd/activity_lr_0.5/activity_decay_0/weight_decay_0/spectral_penalty_0/1_epochs,0,94.83173370361328
0.5,600,8,pc,8,mupc,0.1,pc/MNIST/mse_loss/width_512/8_n_hidden/relu/skips/standard_gauss_weight_init/mupc_param/param_optim_adam/param_lr_0.1/batch_size_64/8_max_infer_iters/activity_optim_gd/activity_lr_0.5/activity_decay_0/weight_decay_0/spectral_penalty_0/1_epochs,0,96.34415435791016
0.5,900,8,pc,8,mupc,0.1,pc/MNIST/mse_loss/width_512/8_n_hidden/relu/skips/standard_gauss_weight_init/mupc_param/param_optim_adam/param_lr_0.1/batch_size_64/8_max_infer_iters/activity_optim_gd/activity_lr_0.5/activity_decay_0/weight_decay_0/spectral_penalty_0/1_epochs,0,96.82492065429688
0.5,300,8,pc,8,mupc,0.1,pc/MNIST/mse_loss/width_512/8_n_hidden/relu/skips/standard_gauss_weight_init/mupc_param/param_optim_adam/param_lr_0.1/batch_size_64/8_max_infer_iters/activity_optim_gd/activity_lr_0.5/activity_decay_0/weight_decay_0/spectral_penalty_0/1_epochs,1,94.34095001220703
0.5,600,8,pc,8,mupc,0.1,pc/MNIST/mse_loss/width_512/8_n_hidden/relu/skips/standard_gauss_weight_init/mupc_param/param_optim_adam/param_lr_0.1/batch_size_64/8_max_infer_iters/activity_optim_gd/activity_lr_0.5/activity_decay_0/weight_decay_0/spectral_penalty_0/1_epochs,1,96.10376739501953
0.5,900,8,pc,8,mupc,0.1,pc/MNIST/mse_loss/width_512/8_n_hidden/relu/skips/standard_gauss_weight_init/mupc_param/param_optim_adam/param_lr_0.1/batch_size_64/8_max_infer_iters/activity_optim_gd/activity_lr_0.5/activity_decay_0/weight_decay_0/spectral_penalty_0/1_epochs,1,96.7147445678711
0.5,300,8,pc,8,mupc,0.1,pc/MNIST/mse_loss/width_512/8_n_hidden/relu/skips/standard_gauss_weight_init/mupc_param/param_optim_adam/param_lr_0.1/batch_size_64/8_max_infer_iters/activity_optim_gd/activity_lr_0.5/activity_decay_0/weight_decay_0/spectral_penalty_0/1_epochs,2,95.03205108642578
0.5,600,8,pc,8,mupc,0.1,pc/MNIST/mse_loss/width_512/8_n_hidden/relu/skips/standard_gauss_weight_init/mupc_param/param_optim_adam/param_lr_0.1/batch_size_64/8_max_infer_iters/activity_optim_gd/activity_lr_0.5/activity_decay_0/weight_decay_0/spectral_penalty_0/1_epochs,2,96.40425109863281
0.5,900,8,pc,8,mupc,0.1,pc/MNIST/mse_loss/width_512/8_n_hidden/relu/skips/standard_gauss_weight_init/mupc_param/param_optim_adam/param_lr_0.1/batch_size_64/8_max_infer_iters/activity_optim_gd/activity_lr_0.5/activity_decay_0/weight_decay_0/spectral_penalty_0/1_epochs,2,96.60456848144531
0.01,300,8,pc,8,sp,0.1,pc/MNIST/mse_loss/width_512/8_n_hidden/relu/skips/standard_gauss_weight_init/sp_param/param_optim_adam/param_lr_0.1/batch_size_64/8_max_infer_iters/activity_optim_gd/activity_lr_0.01/activity_decay_0/weight_decay_0/spectral_penalty_0/1_epochs,0,9.344951629638672
0.01,300,8,pc,8,sp,0.1,pc/MNIST/mse_loss/width_512/8_n_hidden/relu/skips/standard_gauss_weight_init/sp_param/param_optim_adam/param_lr_0.1/batch_size_64/8_max_infer_iters/activity_optim_gd/activity_lr_0.01/activity_decay_0/weight_decay_0/spectral_penalty_0/1_epochs,1,7.361778736114502
0.01,300,8,pc,8,sp,0.1,pc/MNIST/mse_loss/width_512/8_n_hidden/relu/skips/standard_gauss_weight_init/sp_param/param_optim_adam/param_lr_0.1/batch_size_64/8_max_infer_iters/activity_optim_gd/activity_lr_0.01/activity_decay_0/weight_decay_0/spectral_penalty_0/1_epochs,2,10.476762771606445
